{"cameraMode":{"drawMode":0,"name":"Shaded","section":"Shading Mode"},"sceneLighting":false,"audioPlay":false,"sceneViewState":{"showFog":true,"showMaterialUpdate":false,"showSkybox":false,"showFlares":true,"showImageEffects":true,"showParticleSystems":true},"in2DMode":false,"pivot":{"x":0.5299999713897705,"y":1.7401776313781739,"z":-4.8900227546691898},"rotation":{"x":-0.0422922819852829,"y":0.014084535650908947,"z":-0.0005961848655715585,"w":-0.9990058541297913},"size":19.559743881225587,"orthographic":false}